ID-Produto,Produto,Categoria,Segmento,Fabricante,Loja,Cidade,Estado,Vendedor,ID-Vendedor,Comissão (Percentual),Data Venda,ValorVenda,Custo
SKU-0000001,LG K10 TV Power,Celulares,Corporativo,LG,SP8821,São Paulo,São Paulo,Ana Teixeira,1009,2,2012-10-04,679.0,345
SKU-0000002,Geladeira Duplex,Eletrodomésticos,Doméstico,Brastemp,SP8821,São Paulo,São Paulo,Josias Silva,1006,3,2012-01-01,832.0,712
SKU-0000003,Lavadora 11 Kg,Eletrodomésticos,Doméstico,Brastemp,SP8821,São Paulo,São Paulo,Josias Silva,1006,2,2012-02-02,790.0,390
SKU-0000004,Lavadora 11 Kg,Eletrodomésticos,Doméstico,Brastemp,SP8821,São Paulo,São Paulo,Mateus Gonçalves,1003,3,2012-03-03,765.32,200
SKU-0000005,Lavadora 11 Kg,Eletrodomésticos,Doméstico,Electrolux,SP8821,São Paulo,São Paulo,Artur Moreira,1004,5,2012-04-04,459.89,234
SKU-0000006,Lavadora 11 Kg,Eletrodomésticos,Doméstico,Brastemp,SP8821,São Paulo,São Paulo,Rodrigo Fagundes,1005,4,2012-05-04,590.98,90
SKU-0000007,Geladeira Duplex,Eletrodomésticos,Doméstico,Brastemp,SP8821,São Paulo,São Paulo,Josias Silva,1006,3,2012-06-04,1000.91,134
SKU-0000008,Geladeira Duplex,Eletrodomésticos,Doméstico,Electrolux,A9990,Belo Horizonte,Minas Gerais,Fernando Zambrini,1007,2,2012-07-04,1229.0,800
SKU-0000009,Geladeira Duplex,Eletrodomésticos,Doméstico,Brastemp,SP8821,São Paulo,São Paulo,Mateus Gonçalves,1003,3,2012-08-04,1300.0,400
SKU-0000010,Geladeira Duplex,Eletrodomésticos,Doméstico,Electrolux,SP8821,São Paulo,São Paulo,André Pereira,1002,4,2012-09-04,1290.0,600
SKU-0000011,Geladeira Duplex,Eletrodomésticos,Doméstico,Brastemp,SP8821,São Paulo,São Paulo,Ana Teixeira,1009,5,2012-09-04,1287.0,560
SKU-0000012,Geladeira Duplex,Eletrodomésticos,Doméstico,Brastemp,A9990,Belo Horizonte,Minas Gerais,Josias Silva,1006,5,2012-11-04,1651.0,790
SKU-0000013,Geladeira Duplex,Eletrodomésticos,Doméstico,Brastemp,SP8821,São Paulo,São Paulo,Josias Silva,1006,4,2012-11-04,1100.0,790
SKU-0000014,Geladeira Duplex,Eletrodomésticos,Doméstico,Brastemp,SP8821,São Paulo,São Paulo,Mateus Gonçalves,1003,3,2012-12-04,1190.0,790
SKU-0000015,Geladeira Duplex,Eletrodomésticos,Doméstico,Brastemp,SP8821,São Paulo,São Paulo,Artur Moreira,1004,2,2012-12-04,1190.98,790
SKU-0000016,Lavadora 11 Kg,Eletrodomésticos,Doméstico,Electrolux,A9990,Belo Horizonte,Minas Gerais,Rodrigo Fagundes,1005,4,2013-01-02,877.0,120
SKU-0000017,Lavadora 11 Kg,Eletrodomésticos,Doméstico,Brastemp,SP8821,São Paulo,São Paulo,Josias Silva,1006,5,2013-02-02,982.0,120
SKU-0000018,Lavadora 11 Kg,Eletrodomésticos,Doméstico,Brastemp,SP8821,São Paulo,São Paulo,Fernando Zambrini,1007,6,2013-03-02,872.0,120
SKU-0000019,Lavadora 11 Kg,Eletrodomésticos,Doméstico,Electrolux,SP8821,São Paulo,São Paulo,Mateus Gonçalves,1003,5,2013-04-02,799.0,120
SKU-0000020,Lavadora 11 Kg,Eletrodomésticos,Doméstico,Brastemp,SP8821,São Paulo,São Paulo,André Pereira,1002,4,2013-05-02,899.0,120
SKU-0000021,Lavadora 11 Kg,Eletrodomésticos,Doméstico,Brastemp,SP8821,São Paulo,São Paulo,Ana Teixeira,1009,3,2013-06-02,799.0,120
SKU-0000022,Lavadora 11 Kg,Eletrodomésticos,Doméstico,Brastemp,SP8821,São Paulo,São Paulo,Josias Silva,1006,3,2013-07-02,987.0,120
SKU-0000023,Lavadora 11 Kg,Eletrodomésticos,Doméstico,Brastemp,SP8821,São Paulo,São Paulo,Josias Silva,1006,3,2013-08-02,699.9,120
SKU-0000024,Lavadora 11 Kg,Eletrodomésticos,Doméstico,Electrolux,SP8821,São Paulo,São Paulo,Mateus Gonçalves,1003,4,2013-09-02,789.23,120
SKU-0000025,Lavadora 11 Kg,Eletrodomésticos,Doméstico,Brastemp,SP8821,São Paulo,São Paulo,Artur Moreira,1004,2,2013-10-02,789.34,120
SKU-0000026,Lavadora 11 Kg,Eletrodomésticos,Doméstico,Brastemp,SP8821,São Paulo,São Paulo,Rodrigo Fagundes,1005,6,2013-11-02,764.2,120
SKU-0000027,Lavadora 11 Kg,Eletrodomésticos,Doméstico,Electrolux,SP8821,São Paulo,São Paulo,Josias Silva,1006,6,2013-12-02,1245.9,120
SKU-0000028,Geladeira Duplex,Eletrodomésticos,Doméstico,Brastemp,SP8821,São Paulo,São Paulo,Fernando Zambrini,1007,5,2013-01-02,1345.87,120
SKU-0000029,Geladeira Duplex,Eletrodomésticos,Doméstico,Brastemp,SP8821,São Paulo,São Paulo,Mateus Gonçalves,1003,4,2013-02-02,1234.12,120
SKU-0000030,Geladeira Duplex,Eletrodomésticos,Doméstico,Brastemp,SP8821,São Paulo,São Paulo,André Pereira,1002,4,2013-03-02,1245.9,120
SKU-0000031,Geladeira Duplex,Eletrodomésticos,Doméstico,Brastemp,SP8821,São Paulo,São Paulo,Maria Fernandes,1001,3,2013-04-02,1345.87,120
SKU-0000032,Geladeira Duplex,Eletrodomésticos,Doméstico,Brastemp,SP8821,São Paulo,São Paulo,Maria Fernandes,1001,3,2013-05-02,1234.12,120
SKU-0000033,Geladeira Duplex,Eletrodomésticos,Doméstico,Brastemp,SP8823,São Paulo,São Paulo,Maria Fernandes,1001,2,2013-06-02,1245.9,120
SKU-0000034,Geladeira Duplex,Eletrodomésticos,Doméstico,Brastemp,SP8823,São Paulo,São Paulo,André Pereira,1002,2,2013-07-02,1345.87,120
SKU-0000035,Geladeira Duplex,Eletrodomésticos,Doméstico,Brastemp,SP8823,São Paulo,São Paulo,Mateus Gonçalves,1003,2,2013-08-02,1234.12,120
SKU-0000036,Geladeira Duplex,Eletrodomésticos,Doméstico,Brastemp,SP8823,São Paulo,São Paulo,Artur Moreira,1004,3,2013-09-02,1245.9,120
SKU-0000037,Geladeira Duplex,Eletrodomésticos,Doméstico,Brastemp,SP8823,São Paulo,São Paulo,Rodrigo Fagundes,1005,4,2013-10-02,1345.87,120
SKU-0000038,Geladeira Duplex,Eletrodomésticos,Doméstico,Brastemp,SP8823,São Paulo,São Paulo,Josias Silva,1006,4,2013-11-02,1234.12,120
SKU-0000039,Geladeira Duplex,Eletrodomésticos,Doméstico,Brastemp,SP8823,São Paulo,São Paulo,Fernando Zambrini,1007,2,2013-12-02,1245.9,120
SKU-0000040,Notebook Dell 8 GB,Eletrônicos,Corporativo,Dell,R1296,Rio de Janeiro,Rio de Janeiro,Aline Sutter,1008,3,2012-01-01,1345.87,120
SKU-0000041,Notebook Dell 8 GB,Eletrônicos,Corporativo,Dell,R1296,Rio de Janeiro,Rio de Janeiro,Ana Teixeira,1009,2,2012-02-01,1234.12,120
SKU-0000042,Notebook Dell 8 GB,Eletrônicos,Corporativo,Dell,V7654,Vitória,Espírito Santo,Maria Fernandes,1001,2,2012-03-01,1245.9,120
SKU-0000043,Notebook Dell 8 GB,Eletrônicos,Corporativo,Dell,A9990,Belo Horizonte,Minas Gerais,Maria Fernandes,1001,2,2012-04-01,1345.87,120
SKU-0000044,Notebook Dell 8 GB,Eletrônicos,Corporativo,Dell,SP8823,São Paulo,São Paulo,André Pereira,1002,2,2012-05-01,1234.12,120
SKU-0000045,Notebook Dell 8 GB,Eletrônicos,Corporativo,Dell,SP8823,São Paulo,São Paulo,Mateus Gonçalves,1003,2,2012-06-01,1245.9,120
SKU-0000046,Notebook Dell 8 GB,Eletrônicos,Corporativo,Dell,SP8823,São Paulo,São Paulo,Artur Moreira,1004,2,2012-07-01,1345.87,120
SKU-0000047,Notebook Dell 8 GB,Eletrônicos,Corporativo,Dell,SP8823,São Paulo,São Paulo,Rodrigo Fagundes,1005,2,2012-08-01,1234.12,120
SKU-0000048,Notebook Dell 8 GB,Eletrônicos,Corporativo,Dell,R1296,Rio de Janeiro,Rio de Janeiro,Josias Silva,1006,2,2012-09-01,1245.9,120
SKU-0000049,Notebook Dell 8 GB,Eletrônicos,Corporativo,Dell,V7654,Vitória,Espírito Santo,Fernando Zambrini,1007,2,2012-10-01,1345.87,120
SKU-0000050,Desktop 32 GB,Eletrônicos,Corporativo,Sony,SP8823,São Paulo,São Paulo,Aline Sutter,1008,2,2012-11-01,1234.12,120
SKU-0000051,Desktop 32 GB,Eletrônicos,Corporativo,Sony,SP8823,São Paulo,São Paulo,Ana Teixeira,1009,2,2012-12-01,900.0,120
SKU-0000052,Desktop 32 GB,Eletrônicos,Corporativo,Sony,SP8823,São Paulo,São Paulo,Josias Silva,1006,2,2013-01-02,999.0,120
SKU-0000053,Desktop 32 GB,Eletrônicos,Corporativo,Sony,SP8823,São Paulo,São Paulo,Josias Silva,1006,2,2013-02-02,1234.0,120
SKU-0000054,Desktop 32 GB,Eletrônicos,Corporativo,Sony,SP8823,São Paulo,São Paulo,Mateus Gonçalves,1003,2,2013-03-02,998.0,120
SKU-0000055,Desktop 32 GB,Eletrônicos,Corporativo,Sony,SP8823,São Paulo,São Paulo,Artur Moreira,1004,2,2013-04-02,999.0,120
SKU-0000056,Desktop 32 GB,Eletrônicos,Corporativo,Sony,SP8823,São Paulo,São Paulo,Rodrigo Fagundes,1005,2,2013-05-02,999.99,120
SKU-0000057,Desktop 32 GB,Eletrônicos,Corporativo,Sony,V7654,Vitória,Espírito Santo,Josias Silva,1006,2,2013-06-02,982.0,120
SKU-0000058,Desktop 32 GB,Eletrônicos,Corporativo,Sony,R1296,Rio de Janeiro,Rio de Janeiro,Fernando Zambrini,1007,2,2013-07-02,1002.0,120
SKU-0000059,Desktop 32 GB,Eletrônicos,Corporativo,HP,SP8823,São Paulo,São Paulo,Mateus Gonçalves,1003,2,2013-08-02,376.0,120
SKU-0000060,Desktop HP 16 GB,Eletrônicos,Corporativo,HP,A9990,Belo Horizonte,Minas Gerais,André Pereira,1002,2,2013-09-02,899.0,120
SKU-0000061,Desktop HP 16 GB,Eletrônicos,Corporativo,HP,SP8823,São Paulo,São Paulo,Ana Teixeira,1009,2,2013-10-02,799.0,120
SKU-0000062,Desktop HP 16 GB,Eletrônicos,Corporativo,HP,SP8823,São Paulo,São Paulo,Josias Silva,1006,2,2013-11-02,1356.0,120
SKU-0000063,Desktop HP 16 GB,Eletrônicos,Corporativo,HP,SP8823,São Paulo,São Paulo,Josias Silva,1006,2,2013-12-02,1788.0,120
SKU-0000064,Micro-Ondas,Eletrodomésticos,Industrial,Consul,SP8823,São Paulo,São Paulo,Mateus Gonçalves,1003,2,2012-01-01,459.0,120
SKU-0000065,Grill,Eletrodomésticos,Doméstico,Panasonic,SP8823,São Paulo,São Paulo,Artur Moreira,1004,2,2012-02-01,234.0,120
SKU-0000066,Micro-Ondas,Eletrodomésticos,Doméstico,Panasonic,SP8823,São Paulo,São Paulo,Rodrigo Fagundes,1005,2,2012-03-01,345.0,120
SKU-0000067,Forno-Micro-Ondas,Eletrodomésticos,Doméstico,Panasonic,SP8823,São Paulo,São Paulo,Josias Silva,1006,2,2012-04-01,1345.0,120
SKU-0000068,Micro-Ondas,Eletrodomésticos,Doméstico,LG,SP8823,São Paulo,São Paulo,Fernando Zambrini,1007,2,2012-05-01,675.0,120
SKU-0000069,Micro-Ondas,Eletrodomésticos,Doméstico,LG,SP8823,São Paulo,São Paulo,Mateus Gonçalves,1003,2,2012-06-01,123.0,120
SKU-0000070,Micro-Ondas,Eletrodomésticos,Doméstico,Panasonic,SP8823,São Paulo,São Paulo,André Pereira,1002,2,2012-07-01,455.0,120
SKU-0000071,Micro-Ondas,Eletrodomésticos,Doméstico,Panasonic,V7654,Vitória,Espírito Santo,Ana Teixeira,1009,2,2012-08-01,566.0,120
SKU-0000072,Micro-Ondas,Eletrodomésticos,Doméstico,Panasonic,R1296,Rio de Janeiro,Rio de Janeiro,Josias Silva,1006,2,2012-09-01,1200.0,120
SKU-0000073,Micro-Ondas,Eletrodomésticos,Doméstico,Panasonic,A9990,Belo Horizonte,Minas Gerais,Josias Silva,1006,2,2012-10-01,1220.0,120
SKU-0000074,Micro-Ondas,Eletrodomésticos,Doméstico,Panasonic,SP8823,São Paulo,São Paulo,Mateus Gonçalves,1003,2,2012-11-01,123.0,120
SKU-0000075,Micro-Ondas,Eletrodomésticos,Doméstico,Panasonic,SP8823,São Paulo,São Paulo,Artur Moreira,1004,2,2012-12-01,445.0,120
SKU-0000076,Micro-Ondas,Eletrodomésticos,Doméstico,Panasonic,SP8823,São Paulo,São Paulo,Rodrigo Fagundes,1005,2,2013-01-02,345.0,120
SKU-0000077,Micro-Ondas,Eletrodomésticos,Doméstico,Panasonic,SP8823,São Paulo,São Paulo,Josias Silva,1006,2,2013-02-02,1220.0,120
SKU-0000078,Grill,Eletrodomésticos,Doméstico,Panasonic,SP8823,São Paulo,São Paulo,Fernando Zambrini,1007,2,2013-03-02,124.0,120
SKU-0000079,Grill,Eletrodomésticos,Doméstico,Panasonic,A9990,Belo Horizonte,Minas Gerais,Mateus Gonçalves,1003,2,2013-04-02,123.0,120
SKU-0000080,Grill,Eletrodomésticos,Doméstico,Panasonic,SP8823,São Paulo,São Paulo,André Pereira,1002,2,2013-05-02,230.0,120
SKU-0000081,Micro-Ondas,Eletrodomésticos,Doméstico,Panasonic,R1296,Rio de Janeiro,Rio de Janeiro,Maria Fernandes,1001,2,2013-06-02,290.0,120
SKU-0000082,Micro-Ondas,Eletrodomésticos,Doméstico,Panasonic,SP8823,São Paulo,São Paulo,Maria Fernandes,1001,2,2013-07-02,290.0,120
SKU-0000083,Forno-Micro-Ondas,Eletrodomésticos,Doméstico,Panasonic,SP8823,São Paulo,São Paulo,Maria Fernandes,1001,2,2013-08-02,290.0,120
SKU-0000084,Forno-Micro-Ondas,Eletrodomésticos,Doméstico,Panasonic,A9990,Belo Horizonte,Minas Gerais,Ana Teixeira,1009,2,2013-09-02,290.0,120
SKU-0000085,Forno-Micro-Ondas,Eletrodomésticos,Doméstico,Consul,SP8823,São Paulo,São Paulo,Josias Silva,1006,2,2013-10-02,1100.0,120
SKU-0000086,Forno-Micro-Ondas,Eletrodomésticos,Doméstico,Consul,SP8823,São Paulo,São Paulo,Josias Silva,1006,2,2013-11-02,1234.89,120
SKU-0000087,Forno-Micro-Ondas,Eletrodomésticos,Doméstico,Consul,SP8823,São Paulo,São Paulo,Mateus Gonçalves,1003,2,2013-12-02,123.0,120
SKU-0000088,Fritadeira,Eletroportáteis,Doméstico,Samsung,P0761,Cascavel,Paraná,Artur Moreira,1004,2,2013-01-02,297.0,120
SKU-0000089,Ar Condicionado,Eletrodomésticos,Industrial,Samsung,SA7761,Salvador,Bahia,Rodrigo Fagundes,1005,2,2013-02-02,1299.0,120
SKU-0000090,Aspirador,Eletroportáteis,Doméstico,Britânia,P0761,Cascavel,Paraná,Josias Silva,1006,2,2013-03-02,167.0,120
SKU-0000091,Ar Condicionado,Eletrodomésticos,Industrial,Samsung,SA7761,Salvador,Bahia,Fernando Zambrini,1007,2,2013-04-02,1399.0,120
SKU-0000092,Aspirador,Eletroportáteis,Doméstico,Britânia,V7654,Vitória,Espírito Santo,Mateus Gonçalves,1003,2,2013-05-02,168.0,120
SKU-0000093,Ar Condicionado,Eletrodomésticos,Industrial,Samsung,R1296,Rio de Janeiro,Rio de Janeiro,André Pereira,1002,2,2013-06-02,1278.0,120
SKU-0000094,Aspirador,Eletroportáteis,Doméstico,Britânia,SP8823,São Paulo,São Paulo,Ana Teixeira,1009,2,2013-07-02,150.0,120
SKU-0000095,Ar Condicionado,Eletrodomésticos,Industrial,Samsung,A9990,Belo Horizonte,Minas Gerais,Josias Silva,1006,2,2013-08-02,1190.0,120
SKU-0000096,Aspirador,Eletroportáteis,Doméstico,Britânia,SP8823,São Paulo,São Paulo,Josias Silva,1006,2,2013-09-02,149.0,120
SKU-0000097,Ar Condicionado,Eletrodomésticos,Industrial,Samsung,R1296,Rio de Janeiro,Rio de Janeiro,Mateus Gonçalves,1003,2,2013-10-02,1290.0,120
SKU-0000098,Aspirador,Eletroportáteis,Doméstico,Britânia,SP8823,São Paulo,São Paulo,Artur Moreira,1004,2,2013-11-02,135.0,120
SKU-0000099,Aspirador,Eletroportáteis,Doméstico,Britânia,SP8823,São Paulo,São Paulo,Rodrigo Fagundes,1005,2,2013-12-02,139.0,120
SKU-0000100,Aspirador,Eletroportáteis,Doméstico,Britânia,SP8823,São Paulo,São Paulo,Josias Silva,1006,2,2013-01-02,128.0,120
SKU-0000101,Aspirador,Eletroportáteis,Doméstico,Britânia,SP8823,São Paulo,São Paulo,Fernando Zambrini,1007,2,2013-02-02,138.0,120
SKU-0000102,Aspirador,Eletroportáteis,Doméstico,Britânia,SP8823,São Paulo,São Paulo,Mateus Gonçalves,1003,2,2013-03-02,137.0,120
SKU-0000103,Aspirador,Eletroportáteis,Doméstico,Britânia,SP8823,São Paulo,São Paulo,André Pereira,1002,2,2013-04-02,126.0,120
SKU-0000104,Aspirador,Eletroportáteis,Doméstico,Britânia,SP8822,São Paulo,São Paulo,Ana Teixeira,1009,2,2013-05-02,136.0,120
SKU-0000105,Aspirador,Eletroportáteis,Doméstico,Britânia,SP8822,São Paulo,São Paulo,Josias Silva,1006,2,2013-06-02,139.0,120
SKU-0000106,Aspirador,Eletroportáteis,Doméstico,Britânia,SP8822,São Paulo,São Paulo,Josias Silva,1006,2,2013-07-02,150.0,120
SKU-0000107,Aspirador,Eletroportáteis,Doméstico,Britânia,SP8822,São Paulo,São Paulo,Mateus Gonçalves,1003,2,2013-08-02,167.0,120
SKU-0000108,Aspirador,Eletroportáteis,Doméstico,Britânia,SP8822,São Paulo,São Paulo,Artur Moreira,1004,2,2013-09-02,179.0,120
SKU-0000109,Aspirador,Eletroportáteis,Doméstico,Britânia,SP8822,São Paulo,São Paulo,Rodrigo Fagundes,1005,2,2013-10-02,149.0,120
SKU-0000110,Aspirador,Eletroportáteis,Doméstico,Britânia,SP8822,São Paulo,São Paulo,Josias Silva,1006,2,2013-11-02,149.0,120
SKU-0000111,Aspirador,Eletroportáteis,Doméstico,Britânia,SP8822,São Paulo,São Paulo,Fernando Zambrini,1007,2,2013-12-02,149.0,120
SKU-0000112,Impressora Deskjet,Eletrônicos,Doméstico,HP,SP8822,São Paulo,São Paulo,Mateus Gonçalves,1003,2,2013-01-02,398.0,120
SKU-0000113,Impressora Deskjet,Eletrônicos,Doméstico,HP,SP8822,São Paulo,São Paulo,André Pereira,1002,2,2013-02-02,788.0,120
SKU-0000114,Impressora Deskjet,Eletrônicos,Doméstico,HP,SP8822,São Paulo,São Paulo,Maria Fernandes,1001,2,2013-03-02,766.0,120
SKU-0000115,Impressora Deskjet,Eletrônicos,Doméstico,HP,SP8822,São Paulo,São Paulo,Maria Fernandes,1001,2,2013-04-02,655.0,120
SKU-0000116,Impressora Deskjet,Eletrônicos,Doméstico,HP,SP8822,São Paulo,São Paulo,Maria Fernandes,1001,2,2013-05-02,788.0,120
SKU-0000117,Impressora Deskjet,Eletrônicos,Doméstico,HP,SP8822,São Paulo,São Paulo,Ana Teixeira,1009,2,2013-06-02,655.0,120
SKU-0000118,Impressora Deskjet,Eletrônicos,Doméstico,HP,SP8822,São Paulo,São Paulo,Josias Silva,1006,2,2013-07-02,655.0,120
SKU-0000119,Impressora Deskjet,Eletrônicos,Doméstico,HP,SP8822,São Paulo,São Paulo,Josias Silva,1006,2,2013-08-02,455.12,120
SKU-0000120,Impressora Deskjet,Eletrônicos,Doméstico,HP,SP8822,São Paulo,São Paulo,Mateus Gonçalves,1003,2,2013-09-02,262.0,120
SKU-0000121,Impressora Deskjet,Eletrônicos,Doméstico,HP,SP8822,São Paulo,São Paulo,Artur Moreira,1004,2,2013-10-02,445.0,120
SKU-0000122,Impressora Deskjet,Eletrônicos,Doméstico,HP,SP8822,São Paulo,São Paulo,Rodrigo Fagundes,1005,2,2013-11-02,655.0,120
SKU-0000123,Impressora Deskjet,Eletrônicos,Doméstico,HP,SP8822,São Paulo,São Paulo,Josias Silva,1006,2,2013-12-02,555.32,120
SKU-0000124,Secadora Vapor,Eletrodomésticos,Doméstico,Brastemp,SP8822,São Paulo,São Paulo,Fernando Zambrini,1007,2,2013-01-02,456.0,120
SKU-0000125,Secadora Vapor,Eletrodomésticos,Doméstico,Brastemp,SP8822,São Paulo,São Paulo,Mateus Gonçalves,1003,2,2013-02-02,277.0,120
SKU-0000126,Secadora Vapor,Eletrodomésticos,Doméstico,Brastemp,SP8822,São Paulo,São Paulo,André Pereira,1002,2,2013-03-02,877.0,120
SKU-0000127,Secadora Vapor,Eletrodomésticos,Doméstico,Brastemp,SP8822,São Paulo,São Paulo,Ana Teixeira,1009,2,2013-04-02,988.0,120
SKU-0000128,Secadora Vapor,Eletrodomésticos,Doméstico,Brastemp,SP8822,São Paulo,São Paulo,Josias Silva,1006,2,2013-05-02,567.32,120
SKU-0000129,Secadora Vapor,Eletrodomésticos,Doméstico,Brastemp,P0761,Cascavel,Paraná,Josias Silva,1006,2,2013-06-02,799.9,120
SKU-0000130,Secadora Vapor,Eletrodomésticos,Doméstico,Brastemp,SP8822,São Paulo,São Paulo,Mateus Gonçalves,1003,2,2013-07-02,1200.0,120
SKU-0000131,Secadora Vapor,Eletrodomésticos,Doméstico,Brastemp,SP8822,São Paulo,São Paulo,Artur Moreira,1004,2,2013-08-02,345.0,120
SKU-0000132,Secadora Vapor,Eletrodomésticos,Doméstico,Brastemp,SP8822,São Paulo,São Paulo,Rodrigo Fagundes,1005,2,2013-09-02,433.0,120
SKU-0000133,Secadora Vapor,Eletrodomésticos,Doméstico,Brastemp,SP8822,São Paulo,São Paulo,Josias Silva,1006,2,2013-10-02,345.89,120
SKU-0000134,Secadora Vapor,Eletrodomésticos,Doméstico,Brastemp,SP8822,São Paulo,São Paulo,Fernando Zambrini,1007,2,2013-11-02,467.0,120
SKU-0000135,Secadora Vapor,Eletrodomésticos,Doméstico,Brastemp,SP8822,São Paulo,São Paulo,Mateus Gonçalves,1003,2,2013-12-02,1220.0,120
SKU-0000136,Geladeira Duplex,Eletrodomésticos,Doméstico,Brastemp,A9990,Belo Horizonte,Minas Gerais,André Pereira,1002,2,2013-01-09,1233.0,120
SKU-0000137,Geladeira Duplex,Eletrodomésticos,Doméstico,Brastemp,A9990,Belo Horizonte,Minas Gerais,Ana Teixeira,1009,2,2013-01-10,1233.0,120
SKU-0000138,Geladeira Duplex,Eletrodomésticos,Doméstico,Brastemp,A9990,Belo Horizonte,Minas Gerais,Josias Silva,1006,2,2013-02-11,721.0,120
SKU-0000139,Geladeira Duplex,Eletrodomésticos,Doméstico,Brastemp,V7654,Vitória,Espírito Santo,Josias Silva,1006,2,2013-03-12,671.0,120
SKU-0000140,Samsung Galaxy 8,Celulares,Corporativo,Samsung,V7654,Vitória,Espírito Santo,Mateus Gonçalves,1003,2,2013-03-13,1899.0,120
SKU-0000141,Geladeira Duplex,Eletrodomésticos,Doméstico,Brastemp,A9990,Belo Horizonte,Minas Gerais,Artur Moreira,1004,2,2013-03-14,346.0,120
SKU-0000142,Sony Experia XA,Celulares,Doméstico,Sony,A9990,Belo Horizonte,Minas Gerais,Rodrigo Fagundes,1005,2,2013-04-15,699.0,120
SKU-0000143,Geladeira Duplex,Eletrodomésticos,Doméstico,Brastemp,A9990,Belo Horizonte,Minas Gerais,Josias Silva,1006,2,2013-04-16,876.0,120
SKU-0000144,Geladeira Duplex,Eletrodomésticos,Doméstico,Brastemp,V7654,Vitória,Espírito Santo,Fernando Zambrini,1007,2,2013-05-17,655.0,120
SKU-0000145,Geladeira Duplex,Eletrodomésticos,Doméstico,Brastemp,V7654,Vitória,Espírito Santo,Mateus Gonçalves,1003,2,2013-05-18,1200.0,120
SKU-0000146,Geladeira Duplex,Eletrodomésticos,Doméstico,Brastemp,A9990,Belo Horizonte,Minas Gerais,André Pereira,1002,2,2013-05-19,1229.0,120
SKU-0000147,Geladeira Duplex,Eletrodomésticos,Doméstico,Brastemp,A9990,Belo Horizonte,Minas Gerais,Maria Fernandes,1001,2,2013-06-20,1228.0,120
SKU-0000148,Samsung Galaxy 8,Celulares,Corporativo,Samsung,A9990,Belo Horizonte,Minas Gerais,Maria Fernandes,1001,2,2013-07-21,3999.0,120
SKU-0000149,Geladeira Duplex,Eletrodomésticos,Doméstico,Brastemp,V7654,Vitória,Espírito Santo,Maria Fernandes,1001,2,2013-07-22,1229.0,120
SKU-0000150,Geladeira Duplex,Eletrodomésticos,Doméstico,Brastemp,V7654,Vitória,Espírito Santo,Ana Teixeira,1009,2,2013-09-23,1299.0,120
SKU-0000151,Samsung Galaxy 8,Celulares,Corporativo,Samsung,V7654,Vitória,Espírito Santo,Artur Moreira,1004,2,2013-10-24,3999.0,120
SKU-0000152,Geladeira Duplex,Eletrodomésticos,Doméstico,Brastemp,A9990,Belo Horizonte,Minas Gerais,Fernando Zambrini,1007,2,2013-11-25,1234.0,120
SKU-0000153,Geladeira Duplex,Eletrodomésticos,Doméstico,Brastemp,V7654,Vitória,Espírito Santo,Josias Silva,1006,2,2013-11-26,875.0,120
SKU-0000154,Geladeira Duplex,Eletrodomésticos,Doméstico,Brastemp,A9990,Belo Horizonte,Minas Gerais,Rodrigo Fagundes,1005,2,2013-11-27,433.0,120
SKU-0000155,Samsung Galaxy 8,Celulares,Corporativo,Samsung,SP8822,São Paulo,São Paulo,Ana Teixeira,1009,2,2014-10-04,3999.0,120
SKU-0000156,Geladeira Duplex,Eletrodomésticos,Doméstico,Brastemp,SP8822,São Paulo,São Paulo,André Pereira,1002,2,2014-01-01,1288.0,120
SKU-0000157,Samsung Galaxy 8,Celulares,Corporativo,Samsung,SP8822,São Paulo,São Paulo,Mateus Gonçalves,1003,2,2014-02-02,3999.0,120
SKU-0000158,Samsung Galaxy 8,Celulares,Corporativo,Samsung,SP8822,São Paulo,São Paulo,Josias Silva,1006,2,2014-03-03,3999.0,120
SKU-0000159,Samsung Galaxy 8,Celulares,Corporativo,Samsung,SP8822,São Paulo,São Paulo,Artur Moreira,1004,2,2014-04-04,3999.0,120
SKU-0000160,Samsung Galaxy 8,Celulares,Corporativo,Samsung,SP8822,São Paulo,São Paulo,Artur Moreira,1004,2,2014-05-04,3999.0,120
SKU-0000161,Geladeira Duplex,Eletrodomésticos,Doméstico,Brastemp,SP8822,São Paulo,São Paulo,Fernando Zambrini,1007,2,2014-06-04,1234.0,120
SKU-0000162,Geladeira Duplex,Eletrodomésticos,Doméstico,Brastemp,A9990,Belo Horizonte,Minas Gerais,Artur Moreira,1004,2,2014-07-04,1235.0,120
SKU-0000163,Geladeira Duplex,Eletrodomésticos,Doméstico,Brastemp,SP8822,São Paulo,São Paulo,Josias Silva,1006,2,2014-08-04,1200.0,120
SKU-0000164,Geladeira Duplex,Eletrodomésticos,Doméstico,Brastemp,SP8822,São Paulo,São Paulo,Rodrigo Fagundes,1005,2,2014-09-04,788.0,120
SKU-0000165,Geladeira Duplex,Eletrodomésticos,Doméstico,Brastemp,A9990,Belo Horizonte,Minas Gerais,Mateus Gonçalves,1003,2,2014-11-04,761.0,120
SKU-0000166,Geladeira Duplex,Eletrodomésticos,Doméstico,Brastemp,SP8822,São Paulo,São Paulo,Artur Moreira,1004,2,2014-11-04,987.0,120
SKU-0000167,Geladeira Duplex,Eletrodomésticos,Doméstico,Brastemp,SP8822,São Paulo,São Paulo,Mateus Gonçalves,1003,2,2014-12-04,1567.0,120
SKU-0000168,Geladeira Duplex,Eletrodomésticos,Doméstico,Brastemp,SP8822,São Paulo,São Paulo,Ana Teixeira,1009,2,2014-12-04,1287.0,120
SKU-0000169,Geladeira Duplex,Eletrodomésticos,Doméstico,Brastemp,A9990,Belo Horizonte,Minas Gerais,André Pereira,1002,2,2015-01-02,1287.0,120
SKU-0000170,Samsung Galaxy 8,Celulares,Corporativo,Samsung,SP8822,São Paulo,São Paulo,Maria Fernandes,1001,2,2015-02-02,3999.0,120
SKU-0000171,Samsung Galaxy 8,Celulares,Corporativo,Samsung,S6543,Osasco,São Paulo,André Pereira,1002,2,2015-03-02,3999.0,120
SKU-0000172,Samsung Galaxy 8,Celulares,Corporativo,Samsung,S6543,Osasco,São Paulo,André Pereira,1002,2,2015-04-02,3999.0,120
SKU-0000173,Samsung Galaxy 8,Celulares,Corporativo,Samsung,S6543,Osasco,São Paulo,Artur Moreira,1004,2,2015-05-02,3999.0,120
SKU-0000174,Samsung Galaxy 8,Celulares,Corporativo,Samsung,B7659,Campinas,São Paulo,André Pereira,1002,2,2015-06-02,3999.0,120
SKU-0000175,Samsung Galaxy 8,Celulares,Corporativo,Samsung,B7659,Campinas,São Paulo,André Pereira,1002,2,2015-07-02,3999.0,120
SKU-0000176,Samsung Galaxy 8,Celulares,Corporativo,Samsung,SP8822,São Paulo,São Paulo,Artur Moreira,1004,2,2015-08-02,3999.0,120
SKU-0000177,Samsung Galaxy 8,Celulares,Corporativo,Samsung,SP8822,São Paulo,São Paulo,André Pereira,1002,2,2015-09-02,3999.0,120
SKU-0000178,Morotola Moto G5,Celulares,Doméstico,Motorola,SP8822,São Paulo,São Paulo,André Pereira,1002,2,2015-10-02,1230.0,120
SKU-0000179,Morotola Moto G5,Celulares,Doméstico,Motorola,SP8822,São Paulo,São Paulo,Artur Moreira,1004,2,2015-11-02,1230.0,120
SKU-0000180,Morotola Moto G5,Celulares,Doméstico,Motorola,SP8822,São Paulo,São Paulo,Artur Moreira,1004,2,2015-12-02,1230.0,120
SKU-0000181,Morotola Moto G5,Celulares,Doméstico,Motorola,SP8822,São Paulo,São Paulo,Artur Moreira,1004,2,2015-01-02,1230.0,120
SKU-0000182,Geladeira Duplex,Eletrodomésticos,Doméstico,Brastemp,SP8822,São Paulo,São Paulo,Josias Silva,1006,2,2015-02-02,1220.0,120
SKU-0000183,Geladeira Duplex,Eletrodomésticos,Doméstico,Brastemp,SP8822,São Paulo,São Paulo,Fernando Zambrini,1007,2,2015-03-02,1234.0,120
SKU-0000184,Geladeira Duplex,Eletrodomésticos,Doméstico,Brastemp,SP8822,São Paulo,São Paulo,Mateus Gonçalves,1003,2,2015-04-02,1579.0,120
SKU-0000185,Geladeira Duplex,Eletrodomésticos,Doméstico,Brastemp,SP8822,São Paulo,São Paulo,André Pereira,1002,2,2015-05-02,1288.0,120
SKU-0000186,Geladeira Duplex,Eletrodomésticos,Doméstico,Brastemp,SP8822,São Paulo,São Paulo,Ana Teixeira,1009,2,2015-06-02,1222.0,120
SKU-0000187,Geladeira Duplex,Eletrodomésticos,Doméstico,Brastemp,SP8822,São Paulo,São Paulo,Josias Silva,1006,2,2015-07-02,1210.0,120
SKU-0000188,Geladeira Duplex,Eletrodomésticos,Doméstico,LG,SP8822,São Paulo,São Paulo,Josias Silva,1006,2,2015-08-02,1212.0,120
SKU-0000189,Geladeira Duplex,Eletrodomésticos,Doméstico,Brastemp,SP8822,São Paulo,São Paulo,Mateus Gonçalves,1003,2,2015-09-02,1899.0,120
SKU-0000190,Geladeira Duplex,Eletrodomésticos,Doméstico,Brastemp,SP8822,São Paulo,São Paulo,Artur Moreira,1004,2,2015-10-02,567.0,120
SKU-0000191,Geladeira Duplex,Eletrodomésticos,Doméstico,Brastemp,SP8822,São Paulo,São Paulo,Rodrigo Fagundes,1005,2,2015-11-02,189.0,120
SKU-0000192,Geladeira Duplex,Eletrodomésticos,Doméstico,Brastemp,SP8822,São Paulo,São Paulo,Josias Silva,1006,2,2015-12-02,1212.0,120
SKU-0000193,Geladeira Duplex,Eletrodomésticos,Doméstico,Brastemp,R1296,Rio de Janeiro,Rio de Janeiro,Fernando Zambrini,1007,2,2014-01-01,1234.0,120
SKU-0000194,Aspirador,Eletroportáteis,Doméstico,Britânia,R1296,Rio de Janeiro,Rio de Janeiro,Mateus Gonçalves,1003,2,2014-02-01,763.0,120
SKU-0000195,Aspirador,Eletroportáteis,Doméstico,Britânia,V7654,Vitória,Espírito Santo,André Pereira,1002,2,2014-03-01,149.0,120
SKU-0000196,Aspirador,Eletroportáteis,Doméstico,Britânia,A9990,Belo Horizonte,Minas Gerais,Maria Fernandes,1001,2,2014-04-01,148.0,120
SKU-0000197,Aspirador,Eletroportáteis,Doméstico,Britânia,SP8822,São Paulo,São Paulo,Maria Fernandes,1001,2,2014-05-01,139.0,120
SKU-0000198,Fritadeira,Eletroportáteis,Doméstico,Samsung,SP8822,São Paulo,São Paulo,Maria Fernandes,1001,2,2014-06-01,138.0,120
SKU-0000199,Fritadeira,Eletroportáteis,Doméstico,Samsung,SP8822,São Paulo,São Paulo,Ana Teixeira,1009,2,2014-07-01,137.0,120
SKU-0000200,Fritadeira,Eletroportáteis,Doméstico,Samsung,SP8822,São Paulo,São Paulo,Artur Moreira,1004,2,2014-08-01,121.0,120
SKU-0000201,Fritadeira,Eletroportáteis,Doméstico,Samsung,R1296,Rio de Janeiro,Rio de Janeiro,Fernando Zambrini,1007,2,2014-09-01,129.0,120
SKU-0000202,Fritadeira,Eletroportáteis,Doméstico,Samsung,V7654,Vitória,Espírito Santo,Josias Silva,1006,2,2014-10-01,128.0,120
SKU-0000203,Fritadeira,Eletroportáteis,Doméstico,Samsung,SP8822,São Paulo,São Paulo,Rodrigo Fagundes,1005,2,2014-11-01,129.0,120
SKU-0000204,Fritadeira,Eletroportáteis,Doméstico,LG,SP8822,São Paulo,São Paulo,Ana Teixeira,1009,2,2014-12-01,129.0,120
SKU-0000205,Fritadeira,Eletroportáteis,Doméstico,LG,SP8822,São Paulo,São Paulo,André Pereira,1002,2,2015-01-02,128.0,120
SKU-0000206,Fritadeira,Eletroportáteis,Doméstico,Samsung,SP8822,São Paulo,São Paulo,Mateus Gonçalves,1003,2,2015-02-02,129.0,120
SKU-0000207,Fritadeira,Eletroportáteis,Doméstico,Samsung,SP8822,São Paulo,São Paulo,Josias Silva,1006,2,2015-03-02,121.0,120
SKU-0000208,Fritadeira,Eletroportáteis,Doméstico,LG,SP8822,São Paulo,São Paulo,Artur Moreira,1004,2,2015-04-02,121.0,120
SKU-0000209,Fritadeira,Eletroportáteis,Doméstico,Samsung,SP8822,São Paulo,São Paulo,Artur Moreira,1004,2,2015-05-02,121.0,120
SKU-0000210,Fritadeira,Eletroportáteis,Doméstico,Samsung,V7654,Vitória,Espírito Santo,Fernando Zambrini,1007,2,2015-06-02,121.0,120
SKU-0000211,Fritadeira,Eletroportáteis,Doméstico,LG,R1296,Rio de Janeiro,Rio de Janeiro,Artur Moreira,1004,2,2015-07-02,121.0,120
SKU-0000212,Fritadeira,Eletroportáteis,Doméstico,Samsung,SP8822,São Paulo,São Paulo,Josias Silva,1006,2,2015-08-02,121.0,120
SKU-0000213,Fritadeira,Eletroportáteis,Doméstico,Samsung,A9990,Belo Horizonte,Minas Gerais,Rodrigo Fagundes,1005,2,2015-09-02,121.0,120
SKU-0000214,Fritadeira,Eletroportáteis,Doméstico,Samsung,SP8822,São Paulo,São Paulo,Mateus Gonçalves,1003,2,2015-10-02,121.0,120
SKU-0000215,Fritadeira,Eletroportáteis,Doméstico,Samsung,SP8822,São Paulo,São Paulo,Artur Moreira,1004,2,2015-11-02,121.0,120
SKU-0000216,Fritadeira,Eletroportáteis,Doméstico,Samsung,SP8822,São Paulo,São Paulo,Mateus Gonçalves,1003,2,2015-12-02,121.0,120
SKU-0000217,Aspirador,Eletroportáteis,Doméstico,Britânia,SP8822,São Paulo,São Paulo,Ana Teixeira,1009,2,2014-01-01,121.0,120
SKU-0000218,Forno-Micro-Ondas,Eletrodomésticos,Doméstico,Consul,SP8822,São Paulo,São Paulo,André Pereira,1002,2,2014-02-01,355.0,120
SKU-0000219,Forno-Micro-Ondas,Eletrodomésticos,Doméstico,Consul,SP8822,São Paulo,São Paulo,Maria Fernandes,1001,2,2014-03-01,355.0,120
SKU-0000220,Grill,Eletrodomésticos,Doméstico,Consul,SP8822,São Paulo,São Paulo,André Pereira,1002,2,2014-04-01,366.0,120
SKU-0000221,Grill,Eletrodomésticos,Doméstico,Consul,SP8822,São Paulo,São Paulo,André Pereira,1002,2,2014-05-01,388.0,120
SKU-0000222,Grill,Eletrodomésticos,Doméstico,Consul,SP8822,São Paulo,São Paulo,Artur Moreira,1004,2,2014-06-01,124.0,120
SKU-0000223,Grill,Eletrodomésticos,Doméstico,Consul,SP8822,São Paulo,São Paulo,André Pereira,1002,2,2014-07-01,120.0,120
SKU-0000224,Grill,Eletrodomésticos,Doméstico,Consul,V7654,Vitória,Espírito Santo,André Pereira,1002,2,2014-08-01,190.0,120
SKU-0000225,Forno-Micro-Ondas,Eletrodomésticos,Doméstico,Consul,R1296,Rio de Janeiro,Rio de Janeiro,Artur Moreira,1004,2,2014-09-01,675.9,120
SKU-0000226,Forno-Micro-Ondas,Eletrodomésticos,Doméstico,Consul,A9990,Belo Horizonte,Minas Gerais,André Pereira,1002,2,2014-10-01,455.0,120
SKU-0000227,Forno-Micro-Ondas,Eletrodomésticos,Doméstico,Consul,SP8822,São Paulo,São Paulo,André Pereira,1002,2,2014-11-01,377.0,120
SKU-0000228,Micro-Ondas,Eletrodomésticos,Doméstico,LG,SP8822,São Paulo,São Paulo,Artur Moreira,1004,2,2014-12-01,678.12,120
SKU-0000229,Micro-Ondas,Eletrodomésticos,Doméstico,LG,SP8822,São Paulo,São Paulo,Artur Moreira,1004,2,2015-01-02,789.45,120
SKU-0000230,Micro-Ondas,Eletrodomésticos,Doméstico,Consul,SP8822,São Paulo,São Paulo,Artur Moreira,1004,2,2015-02-02,890.32,120
SKU-0000231,Micro-Ondas,Eletrodomésticos,Doméstico,Consul,SP8822,São Paulo,São Paulo,Josias Silva,1006,2,2015-03-02,433.0,120
SKU-0000232,Micro-Ondas,Eletrodomésticos,Doméstico,Consul,A9990,Belo Horizonte,Minas Gerais,Fernando Zambrini,1007,2,2015-04-02,455.0,120
SKU-0000233,Micro-Ondas,Eletrodomésticos,Doméstico,Consul,SP8822,São Paulo,São Paulo,Mateus Gonçalves,1003,2,2015-05-02,677.0,120
SKU-0000234,Micro-Ondas,Eletrodomésticos,Doméstico,Consul,R1296,Rio de Janeiro,Rio de Janeiro,André Pereira,1002,2,2015-06-02,345.0,120
SKU-0000235,Micro-Ondas,Eletrodomésticos,Doméstico,Consul,SP8822,São Paulo,São Paulo,Ana Teixeira,1009,2,2015-07-02,713.0,120
SKU-0000236,Micro-Ondas,Eletrodomésticos,Doméstico,LG,SP8822,São Paulo,São Paulo,Josias Silva,1006,2,2015-08-02,322.0,120
SKU-0000237,Micro-Ondas,Eletrodomésticos,Doméstico,Consul,A9990,Belo Horizonte,Minas Gerais,Josias Silva,1006,2,2015-09-02,222.0,120
SKU-0000238,Micro-Ondas,Eletrodomésticos,Doméstico,Consul,SP8822,São Paulo,São Paulo,Mateus Gonçalves,1003,2,2015-10-02,566.0,120
SKU-0000239,Micro-Ondas,Eletrodomésticos,Doméstico,Consul,SP8822,São Paulo,São Paulo,Artur Moreira,1004,2,2015-11-02,678.34,120
SKU-0000240,Micro-Ondas,Eletrodomésticos,Doméstico,Consul,SP8822,São Paulo,São Paulo,Rodrigo Fagundes,1005,2,2015-12-02,456.0,120
SKU-0000241,Micro-Ondas,Eletrodomésticos,Doméstico,Consul,P0761,Cascavel,Paraná,Josias Silva,1006,2,2015-01-02,290.0,120
SKU-0000242,Aspirador,Eletroportáteis,Doméstico,Britânia,SA7761,Salvador,Bahia,Fernando Zambrini,1007,2,2015-02-02,121.0,120
SKU-0000243,Ar Condicionado,Eletrodomésticos,Industrial,Samsung,P0761,Cascavel,Paraná,Mateus Gonçalves,1003,2,2015-03-02,455.0,120
SKU-0000244,Aspirador,Eletroportáteis,Doméstico,Britânia,SA7761,Salvador,Bahia,André Pereira,1002,2,2015-04-02,121.0,120
SKU-0000245,Ar Condicionado,Eletrodomésticos,Industrial,Samsung,V7654,Vitória,Espírito Santo,Maria Fernandes,1001,2,2015-05-02,1290.0,120
SKU-0000246,Aspirador,Eletroportáteis,Doméstico,Britânia,R1296,Rio de Janeiro,Rio de Janeiro,Maria Fernandes,1001,2,2015-06-02,121.0,120
SKU-0000247,Ar Condicionado,Eletrodomésticos,Industrial,Samsung,SP8822,São Paulo,São Paulo,Maria Fernandes,1001,2,2015-07-02,1229.0,120
SKU-0000248,Aspirador,Eletroportáteis,Doméstico,Britânia,A9990,Belo Horizonte,Minas Gerais,Ana Teixeira,1009,2,2015-08-02,121.0,120
SKU-0000249,Ar Condicionado,Eletrodomésticos,Industrial,Samsung,SP8822,São Paulo,São Paulo,Artur Moreira,1004,2,2015-09-02,1321.0,120
SKU-0000250,Aspirador,Eletroportáteis,Doméstico,Britânia,R1296,Rio de Janeiro,Rio de Janeiro,Fernando Zambrini,1007,2,2015-10-02,121.0,120
SKU-0000251,Ar Condicionado,Eletrodomésticos,Industrial,Samsung,SP8822,São Paulo,São Paulo,Josias Silva,1006,2,2015-11-02,1345.0,120
SKU-0000252,Aspirador,Eletroportáteis,Doméstico,Britânia,SP8822,São Paulo,São Paulo,Rodrigo Fagundes,1005,2,2015-12-02,121.0,120
SKU-0000253,Aspirador,Eletroportáteis,Doméstico,Britânia,SP8821,São Paulo,São Paulo,Ana Teixeira,1009,2,2015-01-02,167.0,120
SKU-0000254,Aspirador,Eletroportáteis,Doméstico,Britânia,SP8821,São Paulo,São Paulo,André Pereira,1002,2,2015-02-02,167.0,120
SKU-0000255,Aspirador,Eletroportáteis,Doméstico,Britânia,SP8821,São Paulo,São Paulo,Mateus Gonçalves,1003,2,2015-03-02,167.0,120
SKU-0000256,Aspirador,Eletroportáteis,Doméstico,Britânia,SP8821,São Paulo,São Paulo,Josias Silva,1006,2,2015-04-02,167.0,120
SKU-0000257,Aspirador,Eletroportáteis,Doméstico,Britânia,SP8821,São Paulo,São Paulo,Artur Moreira,1004,2,2015-05-02,167.0,120
SKU-0000258,Aspirador,Eletroportáteis,Doméstico,Britânia,SP8821,São Paulo,São Paulo,Artur Moreira,1004,2,2015-06-02,167.0,120
SKU-0000259,Aspirador,Eletroportáteis,Doméstico,Britânia,SP8821,São Paulo,São Paulo,Fernando Zambrini,1007,2,2015-07-02,167.0,120
SKU-0000260,Aspirador,Eletroportáteis,Doméstico,Britânia,SP8821,São Paulo,São Paulo,Artur Moreira,1004,2,2015-08-02,167.0,120
SKU-0000261,Aspirador,Eletroportáteis,Doméstico,Britânia,SP8821,São Paulo,São Paulo,Josias Silva,1006,2,2015-09-02,167.0,120
SKU-0000262,Aspirador,Eletroportáteis,Doméstico,Britânia,SP8821,São Paulo,São Paulo,Rodrigo Fagundes,1005,2,2015-10-02,167.0,120
SKU-0000263,Aspirador,Eletroportáteis,Doméstico,Britânia,SP8821,São Paulo,São Paulo,Mateus Gonçalves,1003,2,2015-11-02,167.0,120
SKU-0000264,Aspirador,Eletroportáteis,Doméstico,Britânia,SP8821,São Paulo,São Paulo,Artur Moreira,1004,2,2015-12-02,167.0,120
SKU-0000265,Aspirador,Eletroportáteis,Doméstico,Britânia,SP8821,São Paulo,São Paulo,Mateus Gonçalves,1003,2,2015-01-02,167.0,120
SKU-0000266,Impressora Deskjet,Eletrônicos,Doméstico,Epson,SP8821,São Paulo,São Paulo,Ana Teixeira,1009,2,2015-02-02,713.0,120
SKU-0000267,Impressora Deskjet,Eletrônicos,Doméstico,Epson,SP8821,São Paulo,São Paulo,André Pereira,1002,2,2015-03-02,713.0,120
SKU-0000268,Impressora Deskjet,Eletrônicos,Doméstico,Epson,SP8821,São Paulo,São Paulo,Maria Fernandes,1001,2,2015-04-02,713.0,120
SKU-0000269,Impressora Deskjet,Eletrônicos,Doméstico,Epson,SP8821,São Paulo,São Paulo,André Pereira,1002,2,2015-05-02,713.0,120
SKU-0000270,Impressora Deskjet,Eletrônicos,Doméstico,Epson,SP8821,São Paulo,São Paulo,André Pereira,1002,2,2015-06-02,713.0,120
SKU-0000271,Impressora Deskjet,Eletrônicos,Doméstico,Epson,SP8821,São Paulo,São Paulo,Artur Moreira,1004,2,2015-07-02,456.0,120
SKU-0000272,Impressora Deskjet,Eletrônicos,Doméstico,Epson,SP8821,São Paulo,São Paulo,André Pereira,1002,2,2015-08-02,713.0,120
SKU-0000273,Impressora Deskjet,Eletrônicos,Doméstico,Epson,SP8821,São Paulo,São Paulo,André Pereira,1002,2,2015-09-02,713.0,120
SKU-0000274,Impressora Deskjet,Eletrônicos,Doméstico,Epson,SP8821,São Paulo,São Paulo,Artur Moreira,1004,2,2015-10-02,765.34,120
SKU-0000275,Impressora Deskjet,Eletrônicos,Doméstico,Epson,SP8821,São Paulo,São Paulo,André Pereira,1002,2,2015-11-02,713.0,120
SKU-0000276,Impressora Deskjet,Eletrônicos,Doméstico,Epson,SP8821,São Paulo,São Paulo,André Pereira,1002,2,2015-12-02,713.0,120
SKU-0000277,Impressora Deskjet,Eletrônicos,Doméstico,Epson,SP8821,São Paulo,São Paulo,Artur Moreira,1004,2,2015-01-02,234.12,120
SKU-0000278,Ventilador,Eletroportáteis,Doméstico,Samsung,SP8821,São Paulo,São Paulo,Artur Moreira,1004,2,2015-02-02,134.0,120
SKU-0000279,Ventilador,Eletroportáteis,Doméstico,Samsung,P0761,Cascavel,Paraná,Artur Moreira,1004,2,2015-03-02,123.0,120
SKU-0000280,Ventilador,Eletroportáteis,Doméstico,Samsung,SP8821,São Paulo,São Paulo,Mateus Gonçalves,1003,2,2015-04-02,167.0,120
SKU-0000281,Ventilador,Eletroportáteis,Doméstico,Samsung,S6543,Osasco,São Paulo,Artur Moreira,1004,2,2015-05-02,189.0,120
SKU-0000282,Ventilador,Eletroportáteis,Doméstico,Samsung,P0761,Cascavel,Paraná,Rodrigo Fagundes,1005,2,2015-06-02,134.0,120
SKU-0000283,Ventilador,Eletroportáteis,Doméstico,Samsung,S6543,Osasco,São Paulo,Maria Fernandes,1001,2,2015-07-02,156.0,120
SKU-0000284,Ventilador,Eletroportáteis,Doméstico,Samsung,S6543,Osasco,São Paulo,Maria Fernandes,1001,2,2015-08-02,123.0,120
SKU-0000285,Ventilador,Eletroportáteis,Doméstico,Samsung,S6543,Osasco,São Paulo,Maria Fernandes,1001,2,2015-09-02,156.0,120
SKU-0000286,Ventilador,Eletroportáteis,Doméstico,Samsung,SP8821,São Paulo,São Paulo,Ana Teixeira,1009,2,2015-10-02,178.0,120
SKU-0000287,Ventilador,Eletroportáteis,Doméstico,Samsung,SP8821,São Paulo,São Paulo,Aline Sutter,1008,2,2015-11-02,139.0,120
SKU-0000288,Ventilador,Eletroportáteis,Doméstico,Samsung,SP8821,São Paulo,São Paulo,Fernando Zambrini,1007,2,2015-12-02,123.0,120
SKU-0000289,Ventilador,Eletroportáteis,Doméstico,Samsung,A9990,Belo Horizonte,Minas Gerais,Ana Teixeira,1009,2,2015-01-09,123.0,120
SKU-0000290,Geladeira Duplex,Eletrodomésticos,Doméstico,Consul,A9990,Belo Horizonte,Minas Gerais,Ana Teixeira,1009,2,2015-01-10,1299.0,120
SKU-0000291,Geladeira Duplex,Eletrodomésticos,Doméstico,Consul,A9991,Belo Horizonte,Minas Gerais,Mateus Gonçalves,1003,2,2015-02-11,761.0,120
SKU-0000292,Geladeira Duplex,Eletrodomésticos,Doméstico,Consul,V7654,Vitória,Espírito Santo,Artur Moreira,1004,2,2015-03-12,765.0,120
SKU-0000293,Geladeira Duplex,Eletrodomésticos,Doméstico,Consul,V7654,Vitória,Espírito Santo,Rodrigo Fagundes,1005,2,2015-03-13,456.0,120
SKU-0000294,Morotola Moto G5,Celulares,Doméstico,Motorola,A9991,Belo Horizonte,Minas Gerais,Josias Silva,1006,2,2015-03-14,1230.0,120
SKU-0000295,Geladeira Duplex,Eletrodomésticos,Doméstico,Consul,A9991,Belo Horizonte,Minas Gerais,Fernando Zambrini,1007,2,2015-04-15,1212.0,120
SKU-0000296,Morotola Moto G5,Celulares,Doméstico,Motorola,A9991,Belo Horizonte,Minas Gerais,Artur Moreira,1004,2,2015-04-16,1230.0,120
SKU-0000297,Geladeira Duplex,Eletrodomésticos,Doméstico,Consul,V7654,Vitória,Espírito Santo,André Pereira,1002,2,2015-05-17,1299.0,120
SKU-0000298,Geladeira Duplex,Eletrodomésticos,Doméstico,Consul,V7654,Vitória,Espírito Santo,André Pereira,1002,2,2015-05-18,1299.0,120
SKU-0000299,Geladeira Duplex,Eletrodomésticos,Doméstico,Consul,A9991,Belo Horizonte,Minas Gerais,Maria Fernandes,1001,2,2015-05-19,1299.0,120
SKU-0000300,Geladeira Duplex,Eletrodomésticos,Doméstico,Consul,A9991,Belo Horizonte,Minas Gerais,André Pereira,1002,2,2015-06-20,1299.0,120
SKU-0000301,Geladeira Duplex,Eletrodomésticos,Doméstico,Consul,A9991,Belo Horizonte,Minas Gerais,Artur Moreira,1004,2,2015-07-21,456.0,120
SKU-0000302,Morotola Moto G5,Celulares,Doméstico,Motorola,V7654,Vitória,Espírito Santo,André Pereira,1002,2,2015-07-22,1230.0,120
SKU-0000303,Geladeira Duplex,Eletrodomésticos,Doméstico,Consul,V7654,Vitória,Espírito Santo,Mateus Gonçalves,1003,2,2015-09-23,409.0,120
SKU-0000304,Geladeira Duplex,Eletrodomésticos,Doméstico,Consul,V7654,Vitória,Espírito Santo,Mateus Gonçalves,1003,2,2015-10-24,766.0,120
SKU-0000305,Morotola Moto G5,Celulares,Doméstico,Motorola,A9991,Belo Horizonte,Minas Gerais,André Pereira,1002,2,2015-11-25,1230.0,120
SKU-0000306,Geladeira Duplex,Eletrodomésticos,Doméstico,Consul,V7654,Vitória,Espírito Santo,Artur Moreira,1004,2,2015-11-26,567.0,120
SKU-0000307,Geladeira Duplex,Eletrodomésticos,Doméstico,Consul,A9991,Belo Horizonte,Minas Gerais,Maria Fernandes,1001,2,2015-11-27,1299.0,120
SKU-0000308,Geladeira Duplex,Eletrodomésticos,Doméstico,Consul,R1296,Rio de Janeiro,Rio de Janeiro,Ana Teixeira,1009,2,2014-10-04,1299.0,120
SKU-0000309,Morotola Moto G5,Celulares,Doméstico,Motorola,R1296,Rio de Janeiro,Rio de Janeiro,André Pereira,1002,2,2014-10-04,1230.0,120
SKU-0000310,Geladeira Duplex,Eletrodomésticos,Doméstico,Consul,R1296,Rio de Janeiro,Rio de Janeiro,Maria Fernandes,1001,2,2014-01-01,1299.0,120
SKU-0000311,Morotola Moto G5,Celulares,Doméstico,Motorola,R1296,Rio de Janeiro,Rio de Janeiro,André Pereira,1002,2,2014-02-02,1230.0,120
SKU-0000312,Morotola Moto G5,Celulares,Doméstico,Motorola,R1296,Rio de Janeiro,Rio de Janeiro,André Pereira,1002,2,2014-03-03,1230.0,120
SKU-0000313,Morotola Moto G5,Celulares,Doméstico,Motorola,R1296,Rio de Janeiro,Rio de Janeiro,André Pereira,1002,2,2014-04-04,1230.0,120
SKU-0000314,Morotola Moto G5,Celulares,Doméstico,Motorola,R1296,Rio de Janeiro,Rio de Janeiro,André Pereira,1002,2,2014-05-04,1230.0,120
SKU-0000315,Geladeira Duplex,Eletrodomésticos,Doméstico,Consul,R1296,Rio de Janeiro,Rio de Janeiro,Ana Teixeira,1009,2,2014-06-04,1299.0,120
SKU-0000316,Geladeira Duplex,Eletrodomésticos,Doméstico,Consul,R1296,Rio de Janeiro,Rio de Janeiro,Maria Fernandes,1001,2,2014-07-04,1299.0,120
SKU-0000317,Geladeira Duplex,Eletrodomésticos,Doméstico,Consul,R1296,Rio de Janeiro,Rio de Janeiro,Mateus Gonçalves,1003,2,2014-08-04,137.0,120
SKU-0000318,Geladeira Duplex,Eletrodomésticos,Doméstico,Consul,R1296,Rio de Janeiro,Rio de Janeiro,Artur Moreira,1004,2,2014-09-04,632.0,120
SKU-0000319,Geladeira Duplex,Eletrodomésticos,Doméstico,Consul,R1296,Rio de Janeiro,Rio de Janeiro,Rodrigo Fagundes,1005,2,2014-11-04,761.0,120
SKU-0000320,Geladeira Duplex,Eletrodomésticos,Doméstico,Consul,R1296,Rio de Janeiro,Rio de Janeiro,Ana Teixeira,1009,2,2014-11-04,1299.0,120
SKU-0000321,Geladeira Duplex,Eletrodomésticos,Doméstico,Consul,R1296,Rio de Janeiro,Rio de Janeiro,André Pereira,1002,2,2014-12-04,1299.0,120
SKU-0000322,Geladeira Duplex,Eletrodomésticos,Doméstico,Consul,R1296,Rio de Janeiro,Rio de Janeiro,Maria Fernandes,1001,2,2014-12-04,1299.0,120
SKU-0000323,Geladeira Duplex,Eletrodomésticos,Doméstico,Consul,R1296,Rio de Janeiro,Rio de Janeiro,Rodrigo Fagundes,1005,2,2015-01-02,543.0,120
SKU-0000324,Morotola Moto G5,Celulares,Doméstico,Motorola,R1296,Rio de Janeiro,Rio de Janeiro,André Pereira,1002,2,2015-02-02,1230.0,120
SKU-0000325,Morotola Moto G5,Celulares,Doméstico,Motorola,R1298,Campos,Rio de Janeiro,André Pereira,1002,2,2015-03-02,1230.0,120
SKU-0000326,Morotola Moto G5,Celulares,Doméstico,Motorola,R1298,Campos,Rio de Janeiro,Maria Fernandes,1001,2,2015-04-02,1230.0,120
SKU-0000327,Morotola Moto G5,Celulares,Doméstico,Motorola,R1298,Campos,Rio de Janeiro,Maria Fernandes,1001,2,2015-05-02,1230.0,120
SKU-0000328,Morotola Moto G5,Celulares,Doméstico,Motorola,R1296,Rio de Janeiro,Rio de Janeiro,Maria Fernandes,1001,2,2015-06-02,1230.0,120
SKU-0000329,Morotola Moto G5,Celulares,Doméstico,Motorola,R1296,Rio de Janeiro,Rio de Janeiro,Maria Fernandes,1001,2,2015-07-02,1230.0,120
SKU-0000330,Morotola Moto G5,Celulares,Doméstico,Motorola,R1296,Rio de Janeiro,Rio de Janeiro,Maria Fernandes,1001,2,2015-08-02,1230.0,120
SKU-0000331,Morotola Moto G5,Celulares,Doméstico,Motorola,R1296,Rio de Janeiro,Rio de Janeiro,Maria Fernandes,1001,2,2015-09-02,1230.0,120
SKU-0000332,Morotola Moto G5,Celulares,Doméstico,Motorola,R1296,Rio de Janeiro,Rio de Janeiro,Maria Fernandes,1001,2,2015-10-02,1230.0,120
SKU-0000333,Morotola Moto G5,Celulares,Doméstico,Motorola,R1296,Rio de Janeiro,Rio de Janeiro,Maria Fernandes,1001,2,2015-11-02,1230.0,120
SKU-0000334,Morotola Moto G5,Celulares,Doméstico,Motorola,R1296,Rio de Janeiro,Rio de Janeiro,Maria Fernandes,1001,2,2015-12-02,1230.0,120
SKU-0000335,Morotola Moto G5,Celulares,Doméstico,Motorola,R1296,Rio de Janeiro,Rio de Janeiro,Rodrigo Fagundes,1005,2,2015-01-02,1230.0,120
SKU-0000336,Geladeira Duplex,Eletrodomésticos,Doméstico,Consul,R1296,Rio de Janeiro,Rio de Janeiro,André Pereira,1002,2,2015-02-02,1299.0,120
SKU-0000337,Geladeira Duplex,Eletrodomésticos,Doméstico,Consul,R1296,Rio de Janeiro,Rio de Janeiro,Ana Teixeira,1009,2,2015-03-02,1299.0,120
SKU-0000338,Geladeira Duplex,Eletrodomésticos,Doméstico,Consul,R1296,Rio de Janeiro,Rio de Janeiro,Maria Fernandes,1001,2,2015-04-02,1299.0,120
SKU-0000339,Geladeira Duplex,Eletrodomésticos,Doméstico,Consul,R1296,Rio de Janeiro,Rio de Janeiro,Mateus Gonçalves,1003,2,2015-05-02,899.0,120
SKU-0000340,Geladeira Duplex,Eletrodomésticos,Doméstico,Consul,R1296,Rio de Janeiro,Rio de Janeiro,Artur Moreira,1004,2,2015-06-02,345.87,120
SKU-0000341,Geladeira Duplex,Eletrodomésticos,Doméstico,Consul,R1296,Rio de Janeiro,Rio de Janeiro,Rodrigo Fagundes,1005,2,2015-07-02,456.0,120
SKU-0000342,Geladeira Duplex,Eletrodomésticos,Doméstico,Consul,R1296,Rio de Janeiro,Rio de Janeiro,Ana Teixeira,1009,2,2015-08-02,1299.0,120
SKU-0000343,Geladeira Duplex,Eletrodomésticos,Doméstico,Consul,R1296,Rio de Janeiro,Rio de Janeiro,André Pereira,1002,2,2015-09-02,1299.0,120
SKU-0000344,Geladeira Duplex,Eletrodomésticos,Doméstico,Consul,R1296,Rio de Janeiro,Rio de Janeiro,Maria Fernandes,1001,2,2015-10-02,1299.0,120
SKU-0000345,Geladeira Duplex,Eletrodomésticos,Doméstico,Consul,R1296,Rio de Janeiro,Rio de Janeiro,Rodrigo Fagundes,1005,2,2015-11-02,567.0,120
SKU-0000346,Geladeira Duplex,Eletrodomésticos,Doméstico,Consul,R1295,Rio de Janeiro,Rio de Janeiro,André Pereira,1002,2,2015-12-02,1299.0,120
SKU-0000347,Geladeira Duplex,Eletrodomésticos,Doméstico,Consul,R1295,Rio de Janeiro,Rio de Janeiro,André Pereira,1002,2,2014-01-01,1299.0,120
SKU-0000348,Aspirador,Eletroportáteis,Doméstico,Britânia,R1295,Rio de Janeiro,Rio de Janeiro,Maria Fernandes,1001,2,2014-02-01,167.0,120
SKU-0000349,Aspirador,Eletroportáteis,Doméstico,Britânia,R1295,Rio de Janeiro,Rio de Janeiro,Maria Fernandes,1001,2,2014-03-01,167.0,120
SKU-0000350,Aspirador,Eletroportáteis,Doméstico,Britânia,R1297,Petrópolis,Rio de Janeiro,Maria Fernandes,1001,2,2014-04-01,167.0,120
SKU-0000351,Aspirador,Eletroportáteis,Doméstico,Britânia,R1295,Rio de Janeiro,Rio de Janeiro,Maria Fernandes,1001,2,2014-05-01,149.0,120
SKU-0000352,Aspirador,Eletroportáteis,Doméstico,Britânia,R1295,Rio de Janeiro,Rio de Janeiro,Maria Fernandes,1001,2,2014-06-01,149.0,120
SKU-0000353,Aspirador,Eletroportáteis,Doméstico,Britânia,R1295,Rio de Janeiro,Rio de Janeiro,Maria Fernandes,1001,2,2014-07-01,149.0,120
SKU-0000354,Aspirador,Eletroportáteis,Doméstico,Britânia,R1295,Rio de Janeiro,Rio de Janeiro,Maria Fernandes,1001,2,2014-08-01,149.0,120
SKU-0000355,Aspirador,Eletroportáteis,Doméstico,Britânia,R1295,Rio de Janeiro,Rio de Janeiro,Maria Fernandes,1001,2,2014-09-01,149.0,120
SKU-0000356,Aspirador,Eletroportáteis,Doméstico,Britânia,R1297,Petrópolis,Rio de Janeiro,Maria Fernandes,1001,2,2014-10-01,149.0,120
SKU-0000357,Aspirador,Eletroportáteis,Doméstico,Britânia,R1297,Petrópolis,Rio de Janeiro,Rodrigo Fagundes,1005,2,2014-11-01,149.0,120
SKU-0000358,Aspirador,Eletroportáteis,Doméstico,Britânia,R1297,Petrópolis,Rio de Janeiro,André Pereira,1002,2,2014-12-01,149.0,120
SKU-0000359,Aspirador,Eletroportáteis,Doméstico,Britânia,R1297,Petrópolis,Rio de Janeiro,Ana Teixeira,1009,2,2015-01-02,149.0,120
SKU-0000360,Aspirador,Eletroportáteis,Doméstico,Britânia,R1297,Petrópolis,Rio de Janeiro,Maria Fernandes,1001,2,2015-02-02,149.0,120
SKU-0000361,Aspirador,Eletroportáteis,Doméstico,Britânia,R1297,Petrópolis,Rio de Janeiro,Mateus Gonçalves,1003,2,2015-03-02,149.0,120
SKU-0000362,Aspirador,Eletroportáteis,Doméstico,Britânia,R1297,Petrópolis,Rio de Janeiro,Artur Moreira,1004,2,2015-04-02,765.45,120
SKU-0000363,Aspirador,Eletroportáteis,Doméstico,Britânia,R1297,Petrópolis,Rio de Janeiro,Rodrigo Fagundes,1005,2,2015-05-02,149.0,120
SKU-0000364,Aspirador,Eletroportáteis,Doméstico,Britânia,R1297,Petrópolis,Rio de Janeiro,Ana Teixeira,1009,2,2015-06-02,149.0,120
SKU-0000365,Aspirador,Eletroportáteis,Doméstico,Britânia,R1295,Rio de Janeiro,Rio de Janeiro,André Pereira,1002,2,2015-07-02,149.0,120
SKU-0000366,Aspirador,Eletroportáteis,Doméstico,Britânia,R1295,Rio de Janeiro,Rio de Janeiro,Maria Fernandes,1001,2,2015-08-02,149.0,120
SKU-0000367,Processador de Alimentos,Eletroportáteis,Doméstico,LG,R1295,Rio de Janeiro,Rio de Janeiro,Rodrigo Fagundes,1005,2,2015-09-02,149.0,120
SKU-0000368,Processador de Alimentos,Eletroportáteis,Doméstico,LG,R1298,Campos,Rio de Janeiro,André Pereira,1002,2,2015-10-02,149.0,120
SKU-0000369,Processador de Alimentos,Eletroportáteis,Doméstico,LG,R1295,Rio de Janeiro,Rio de Janeiro,André Pereira,1002,2,2015-11-02,149.0,120
SKU-0000370,Processador de Alimentos,Eletroportáteis,Doméstico,LG,R1295,Rio de Janeiro,Rio de Janeiro,Maria Fernandes,1001,2,2015-12-02,149.0,120
SKU-0000371,Processador de Alimentos,Eletroportáteis,Doméstico,LG,R1298,Campos,Rio de Janeiro,Maria Fernandes,1001,2,2014-01-01,149.0,120
SKU-0000372,Micro-Ondas,Eletrodomésticos,Doméstico,Consul,R1295,Rio de Janeiro,Rio de Janeiro,Maria Fernandes,1001,2,2014-02-01,1299.0,120
SKU-0000373,Micro-Ondas,Eletrodomésticos,Doméstico,Consul,R1295,Rio de Janeiro,Rio de Janeiro,Maria Fernandes,1001,2,2014-03-01,455.0,120
SKU-0000374,Micro-Ondas,Eletrodomésticos,Doméstico,Consul,R1295,Rio de Janeiro,Rio de Janeiro,Maria Fernandes,1001,2,2014-04-01,455.0,120
SKU-0000375,Micro-Ondas,Eletrodomésticos,Doméstico,Consul,R1295,Rio de Janeiro,Rio de Janeiro,Maria Fernandes,1001,2,2014-05-01,455.0,120
SKU-0000376,Micro-Ondas,Eletrodomésticos,Doméstico,Consul,R1295,Rio de Janeiro,Rio de Janeiro,Maria Fernandes,1001,2,2014-06-01,455.0,120
SKU-0000377,Micro-Ondas,Eletrodomésticos,Doméstico,Consul,R1295,Rio de Janeiro,Rio de Janeiro,Maria Fernandes,1001,2,2014-07-01,455.0,120
SKU-0000378,Micro-Ondas,Eletrodomésticos,Doméstico,Consul,R1295,Rio de Janeiro,Rio de Janeiro,Maria Fernandes,1001,2,2014-08-01,455.0,120
SKU-0000379,Micro-Ondas,Eletrodomésticos,Doméstico,Consul,R1295,Rio de Janeiro,Rio de Janeiro,Rodrigo Fagundes,1005,2,2014-09-01,123.0,120
SKU-0000380,Micro-Ondas,Eletrodomésticos,Doméstico,Consul,R1295,Rio de Janeiro,Rio de Janeiro,André Pereira,1002,2,2014-10-01,455.0,120
SKU-0000381,Micro-Ondas,Eletrodomésticos,Doméstico,Consul,R1295,Rio de Janeiro,Rio de Janeiro,Ana Teixeira,1009,2,2014-11-01,455.0,120
SKU-0000382,Micro-Ondas,Eletrodomésticos,Doméstico,Consul,R1295,Rio de Janeiro,Rio de Janeiro,Maria Fernandes,1001,2,2014-12-01,455.0,120
SKU-0000383,Micro-Ondas,Eletrodomésticos,Doméstico,Consul,R1295,Rio de Janeiro,Rio de Janeiro,Mateus Gonçalves,1003,2,2015-01-02,566.0,120
SKU-0000384,Micro-Ondas,Eletrodomésticos,Doméstico,Consul,R1295,Rio de Janeiro,Rio de Janeiro,Artur Moreira,1004,2,2015-02-02,788.9,120
SKU-0000385,Micro-Ondas,Eletrodomésticos,Doméstico,Consul,R1295,Rio de Janeiro,Rio de Janeiro,Rodrigo Fagundes,1005,2,2015-03-02,567.0,120
SKU-0000386,Micro-Ondas,Eletrodomésticos,Doméstico,Consul,R1295,Rio de Janeiro,Rio de Janeiro,Ana Teixeira,1009,2,2015-04-02,455.0,120
SKU-0000387,Micro-Ondas,Eletrodomésticos,Doméstico,Consul,R1295,Rio de Janeiro,Rio de Janeiro,André Pereira,1002,2,2015-05-02,455.0,120
SKU-0000388,Micro-Ondas,Eletrodomésticos,Doméstico,Consul,R1295,Rio de Janeiro,Rio de Janeiro,Maria Fernandes,1001,2,2015-06-02,455.0,120
SKU-0000389,Micro-Ondas,Eletrodomésticos,Doméstico,Consul,R1295,Rio de Janeiro,Rio de Janeiro,Rodrigo Fagundes,1005,2,2015-07-02,123.0,120
SKU-0000390,Micro-Ondas,Eletrodomésticos,Doméstico,Consul,R1295,Rio de Janeiro,Rio de Janeiro,André Pereira,1002,2,2015-08-02,455.0,120
SKU-0000391,Micro-Ondas,Eletrodomésticos,Doméstico,Consul,R1295,Rio de Janeiro,Rio de Janeiro,André Pereira,1002,2,2015-09-02,455.0,120
SKU-0000392,Micro-Ondas,Eletrodomésticos,Doméstico,Panasonic,R1295,Rio de Janeiro,Rio de Janeiro,Maria Fernandes,1001,2,2015-10-02,455.0,120
SKU-0000393,Micro-Ondas,Eletrodomésticos,Doméstico,Panasonic,R1295,Rio de Janeiro,Rio de Janeiro,Maria Fernandes,1001,2,2015-11-02,455.0,120
SKU-0000394,Micro-Ondas,Eletrodomésticos,Doméstico,Panasonic,R1295,Rio de Janeiro,Rio de Janeiro,Maria Fernandes,1001,2,2015-12-02,455.0,120
SKU-0000395,Micro-Ondas,Eletrodomésticos,Doméstico,Panasonic,R1295,Rio de Janeiro,Rio de Janeiro,Maria Fernandes,1001,2,2015-02-02,455.0,120
SKU-0000396,Micro-Ondas,Eletrodomésticos,Doméstico,Panasonic,R1295,Rio de Janeiro,Rio de Janeiro,Maria Fernandes,1001,2,2015-04-02,455.0,120
SKU-0000397,Micro-Ondas,Eletrodomésticos,Doméstico,Panasonic,R1295,Rio de Janeiro,Rio de Janeiro,Maria Fernandes,1001,2,2015-05-02,455.0,120
SKU-0000398,Micro-Ondas,Eletrodomésticos,Doméstico,Panasonic,R1295,Rio de Janeiro,Rio de Janeiro,Maria Fernandes,1001,2,2015-06-02,455.0,120
SKU-0000399,Micro-Ondas,Eletrodomésticos,Doméstico,Panasonic,R1295,Rio de Janeiro,Rio de Janeiro,Maria Fernandes,1001,2,2015-07-02,455.0,120
SKU-0000400,Processador de Alimentos,Eletroportáteis,Doméstico,LG,R1298,Campos,Rio de Janeiro,Maria Fernandes,1001,2,2015-08-02,149.0,120
SKU-0000401,Ar Condicionado,Eletrodomésticos,Doméstico,Samsung,R1295,Rio de Janeiro,Rio de Janeiro,Rodrigo Fagundes,1005,2,2015-09-02,1390.0,120
SKU-0000402,Processador de Alimentos,Eletroportáteis,Doméstico,LG,R1298,Campos,Rio de Janeiro,Maria Fernandes,1001,2,2015-10-02,149.0,120
SKU-0000403,Ar Condicionado,Eletrodomésticos,Doméstico,Samsung,R1295,Rio de Janeiro,Rio de Janeiro,Artur Moreira,1004,2,2015-11-02,1120.0,120
SKU-0000404,Processador de Alimentos,Eletroportáteis,Doméstico,LG,R1298,Campos,Rio de Janeiro,Maria Fernandes,1001,2,2015-12-02,149.0,120
SKU-0000405,Processador de Alimentos,Eletroportáteis,Doméstico,LG,R1298,Campos,Rio de Janeiro,André Pereira,1002,2,2015-01-02,149.0,120
SKU-0000406,Processador de Alimentos,Eletroportáteis,Doméstico,LG,R1298,Campos,Rio de Janeiro,André Pereira,1002,2,2015-02-02,149.0,120
SKU-0000407,Processador de Alimentos,Eletroportáteis,Doméstico,LG,R1298,Campos,Rio de Janeiro,Maria Fernandes,1001,2,2015-03-02,149.0,120
SKU-0000408,Processador de Alimentos,Eletroportáteis,Doméstico,LG,R1298,Campos,Rio de Janeiro,Maria Fernandes,1001,2,2015-04-02,149.0,120
SKU-0000409,Processador de Alimentos,Eletroportáteis,Doméstico,LG,R1295,Rio de Janeiro,Rio de Janeiro,Ana Teixeira,1009,2,2015-05-02,149.0,120
SKU-0000410,Liquidificador,Eletroportáteis,Doméstico,Samsung,R1295,Rio de Janeiro,Rio de Janeiro,Josias Silva,1006,2,2015-06-02,149.0,120
SKU-0000411,Liquidificador,Eletroportáteis,Doméstico,Samsung,R1295,Rio de Janeiro,Rio de Janeiro,Fernando Zambrini,1007,2,2015-07-02,149.0,120
SKU-0000412,Liquidificador,Eletroportáteis,Doméstico,Samsung,R1295,Rio de Janeiro,Rio de Janeiro,Josias Silva,1006,2,2015-08-02,149.0,120
SKU-0000413,Liquidificador,Eletroportáteis,Doméstico,Samsung,R1295,Rio de Janeiro,Rio de Janeiro,Rodrigo Fagundes,1005,2,2015-09-02,149.0,120
SKU-0000414,Liquidificador,Eletroportáteis,Doméstico,Samsung,R1295,Rio de Janeiro,Rio de Janeiro,Rodrigo Fagundes,1005,2,2015-10-02,149.0,120
SKU-0000415,Liquidificador,Eletroportáteis,Doméstico,Samsung,R1295,Rio de Janeiro,Rio de Janeiro,Rodrigo Fagundes,1005,2,2015-11-02,149.0,120
SKU-0000416,Liquidificador,Eletroportáteis,Doméstico,Samsung,R1295,Rio de Janeiro,Rio de Janeiro,Rodrigo Fagundes,1005,2,2015-12-02,121.0,120
SKU-0000417,Liquidificador,Eletroportáteis,Doméstico,Samsung,R1295,Rio de Janeiro,Rio de Janeiro,Rodrigo Fagundes,1005,2,2015-01-02,121.0,120
SKU-0000418,Impressora Deskjet,Eletrônicos,Doméstico,HP,R1295,Rio de Janeiro,Rio de Janeiro,Rodrigo Fagundes,1005,2,2015-02-02,788.0,120
SKU-0000419,Impressora Deskjet,Eletrônicos,Doméstico,HP,R1295,Rio de Janeiro,Rio de Janeiro,Rodrigo Fagundes,1005,2,2015-03-02,900.0,120
SKU-0000420,Impressora Deskjet,Eletrônicos,Doméstico,HP,R1295,Rio de Janeiro,Rio de Janeiro,Rodrigo Fagundes,1005,2,2015-04-02,455.0,120
SKU-0000421,Impressora Deskjet,Eletrônicos,Doméstico,HP,R1295,Rio de Janeiro,Rio de Janeiro,Rodrigo Fagundes,1005,2,2015-05-02,390.0,120
SKU-0000422,Impressora Deskjet,Eletrônicos,Doméstico,HP,R1295,Rio de Janeiro,Rio de Janeiro,Rodrigo Fagundes,1005,2,2015-06-02,899.0,120
SKU-0000423,Impressora Deskjet,Eletrônicos,Doméstico,HP,R1295,Rio de Janeiro,Rio de Janeiro,Rodrigo Fagundes,1005,2,2015-07-02,455.0,120
SKU-0000424,Impressora Deskjet,Eletrônicos,Doméstico,HP,R1295,Rio de Janeiro,Rio de Janeiro,Aline Sutter,1008,2,2015-08-02,234.0,120
SKU-0000425,Impressora Deskjet,Eletrônicos,Doméstico,HP,R1295,Rio de Janeiro,Rio de Janeiro,Aline Sutter,1008,2,2015-09-02,289.0,120
SKU-0000426,Impressora Deskjet,Eletrônicos,Doméstico,HP,R1295,Rio de Janeiro,Rio de Janeiro,Aline Sutter,1008,2,2015-10-02,433.0,120
SKU-0000427,Impressora Deskjet,Eletrônicos,Doméstico,HP,R1295,Rio de Janeiro,Rio de Janeiro,Aline Sutter,1008,2,2015-11-02,345.0,120
SKU-0000428,Impressora Deskjet,Eletrônicos,Doméstico,HP,R1295,Rio de Janeiro,Rio de Janeiro,Aline Sutter,1008,2,2015-12-02,346.0,120
SKU-0000429,Impressora Deskjet,Eletrônicos,Doméstico,HP,R1295,Rio de Janeiro,Rio de Janeiro,Aline Sutter,1008,2,2015-01-02,456.0,120
SKU-0000430,Ventilador,Eletroportáteis,Doméstico,Samsung,R1295,Rio de Janeiro,Rio de Janeiro,Ana Teixeira,1009,2,2015-02-02,145.0,120
SKU-0000431,Ventilador,Eletroportáteis,Doméstico,Samsung,R1295,Rio de Janeiro,Rio de Janeiro,Josias Silva,1006,2,2015-03-02,124.0,120
SKU-0000432,Ventilador,Eletroportáteis,Doméstico,Samsung,R1297,Petrópolis,Rio de Janeiro,Josias Silva,1006,2,2015-05-02,128.0,120
SKU-0000433,Ventilador,Eletroportáteis,Doméstico,Samsung,R1297,Petrópolis,Rio de Janeiro,Mateus Gonçalves,1003,2,2015-07-02,127.0,120
SKU-0000434,Ventilador,Eletroportáteis,Doméstico,Samsung,R1297,Petrópolis,Rio de Janeiro,Artur Moreira,1004,2,2015-08-02,12.0,120
SKU-0000435,Ventilador,Eletroportáteis,Doméstico,Samsung,R1297,Petrópolis,Rio de Janeiro,Rodrigo Fagundes,1005,2,2015-09-02,124.0,120
SKU-0000436,Ventilador,Eletroportáteis,Doméstico,Samsung,R1295,Rio de Janeiro,Rio de Janeiro,Josias Silva,1006,2,2015-10-02,124.0,120
SKU-0000437,Ventilador,Eletroportáteis,Doméstico,Samsung,R1295,Rio de Janeiro,Rio de Janeiro,Fernando Zambrini,1007,2,2015-11-02,128.0,120
SKU-0000438,Ventilador,Eletroportáteis,Doméstico,Samsung,R1295,Rio de Janeiro,Rio de Janeiro,Mateus Gonçalves,1003,2,2015-12-02,134.0,120
SKU-0000439,Ventilador,Eletroportáteis,Doméstico,Samsung,R1295,Rio de Janeiro,Rio de Janeiro,André Pereira,1002,2,2015-01-09,143.0,120
SKU-0000440,Geladeira Duplex,Eletrodomésticos,Doméstico,Brastemp,R1295,Rio de Janeiro,Rio de Janeiro,André Pereira,1002,2,2015-01-10,1234.0,120
SKU-0000441,Geladeira Duplex,Eletrodomésticos,Doméstico,Brastemp,R1295,Rio de Janeiro,Rio de Janeiro,André Pereira,1002,2,2015-02-11,1234.0,120
SKU-0000442,Geladeira Duplex,Eletrodomésticos,Doméstico,Brastemp,R1295,Rio de Janeiro,Rio de Janeiro,André Pereira,1002,2,2015-03-12,1234.0,120
SKU-0000443,Geladeira Duplex,Eletrodomésticos,Doméstico,Brastemp,R1295,Rio de Janeiro,Rio de Janeiro,André Pereira,1002,2,2015-03-13,1234.0,120
SKU-0000444,Morotola Moto G5,Celulares,Doméstico,Motorola,R1295,Rio de Janeiro,Rio de Janeiro,Josias Silva,1006,2,2015-03-14,1230.0,120
SKU-0000445,Geladeira Duplex,Eletrodomésticos,Doméstico,Brastemp,R1295,Rio de Janeiro,Rio de Janeiro,André Pereira,1002,2,2015-04-15,1100.0,120
SKU-0000446,Morotola Moto G5,Celulares,Doméstico,Motorola,R1295,Rio de Janeiro,Rio de Janeiro,Fernando Zambrini,1007,2,2015-04-16,1230.0,120
SKU-0000447,Geladeira Duplex,Eletrodomésticos,Doméstico,Brastemp,R1295,Rio de Janeiro,Rio de Janeiro,André Pereira,1002,2,2015-05-17,1234.0,120
SKU-0000448,Geladeira Duplex,Eletrodomésticos,Doméstico,Brastemp,R1295,Rio de Janeiro,Rio de Janeiro,André Pereira,1002,2,2015-05-18,1234.0,120
SKU-0000449,Geladeira Duplex,Eletrodomésticos,Doméstico,LG,R1295,Rio de Janeiro,Rio de Janeiro,André Pereira,1002,2,2015-05-19,1234.0,120
SKU-0000450,Geladeira Duplex,Eletrodomésticos,Doméstico,LG,R1295,Rio de Janeiro,Rio de Janeiro,André Pereira,1002,2,2015-06-20,1300.0,120
SKU-0000451,Geladeira Duplex,Eletrodomésticos,Doméstico,Brastemp,R1295,Rio de Janeiro,Rio de Janeiro,André Pereira,1002,2,2015-07-21,800.0,120
SKU-0000452,Morotola Moto G5,Celulares,Doméstico,Motorola,R1295,Rio de Janeiro,Rio de Janeiro,Fernando Zambrini,1007,2,2015-07-22,900.0,120
SKU-0000453,Geladeira Duplex,Eletrodomésticos,Doméstico,Brastemp,R1295,Rio de Janeiro,Rio de Janeiro,André Pereira,1002,2,2015-09-23,850.0,120
SKU-0000454,Geladeira Duplex,Eletrodomésticos,Doméstico,Brastemp,R1295,Rio de Janeiro,Rio de Janeiro,André Pereira,1002,2,2015-10-24,678.0,120
SKU-0000455,Morotola Moto G5,Celulares,Doméstico,Motorola,R1295,Rio de Janeiro,Rio de Janeiro,Aline Sutter,1008,2,2015-11-25,1230.0,120
SKU-0000456,Geladeira Duplex,Eletrodomésticos,Doméstico,LG,R1295,Rio de Janeiro,Rio de Janeiro,André Pereira,1002,2,2015-11-26,1234.0,120
SKU-0000457,Geladeira Duplex,Eletrodomésticos,Doméstico,Brastemp,R1295,Rio de Janeiro,Rio de Janeiro,André Pereira,1002,2,2015-11-27,1234.0,120
